epoch,split,node,tn,fp,fn,tp,accuracy,precision,recall,f1,fpr,balanced_accuracy,n,positive,threshold,roc_auc,average_precision,brier,log_loss
5,train,0,1196,31,125,123,0.8942372881355932,0.7987012987012987,0.4959677419354839,0.6119402985074627,0.02526487367563162,0.7353514341299261,1475,248,0.5,0.9574591844782712,0.8064168978367801,0.07083456879227765,0.2262672800709122
5,train,1,1297,35,106,142,0.910759493670886,0.8022598870056498,0.5725806451612904,0.668235294117647,0.026276276276276277,0.7731521844425071,1580,248,0.5,0.9562839048726145,0.8244474347948505,0.06156621273809147,0.20470972287101072
5,train,2,1633,14,71,177,0.9551451187335093,0.9267015706806283,0.7137096774193549,0.806378132118451,0.008500303582270795,0.852604686918542,1895,248,0.5,0.9810114186105725,0.9168116930134652,0.03949525728740482,0.14039481511631244
5,train,3,1333,31,79,169,0.9317617866004962,0.845,0.6814516129032258,0.7544642857142857,0.022727272727272728,0.8293621700879765,1612,248,0.5,0.9566650506101598,0.8523730349989886,0.05481883324779972,0.19192851040391498
5,train,4,1634,56,43,205,0.9489164086687306,0.7854406130268199,0.8266129032258065,0.8055009823182712,0.033136094674556214,0.8967384042756251,1938,248,0.5,0.9854552395495323,0.9253994363302739,0.03985421397916612,0.14217418547606606
5,train,5,1256,43,69,179,0.9276018099547512,0.8063063063063063,0.7217741935483871,0.7617021276595745,0.033102386451116246,0.8443359035486354,1547,248,0.5,0.9683782810598723,0.8808411471501632,0.05333328049694447,0.1810432161870825
5,train,6,1276,27,37,211,0.9587362991618311,0.8865546218487395,0.8508064516129032,0.8683127572016461,0.02072141212586339,0.9150425197435199,1551,248,0.5,0.9882064961750798,0.9333406463281078,0.03663609437394136,0.1328522677208851
5,train,7,1006,50,69,179,0.9087423312883436,0.7816593886462883,0.7217741935483871,0.750524109014675,0.04734848484848485,0.8372128543499511,1304,248,0.5,0.9602692754154448,0.87651379205677,0.06518754716921975,0.2146259003652017
5,train,8,1045,26,62,186,0.9332827899924185,0.8773584905660378,0.75,0.808695652173913,0.02427637721755369,0.8628618113912232,1319,248,0.5,0.9740783410138248,0.9169830075953624,0.05745749967166629,0.1978916405360458
5,train,9,1020,11,75,173,0.9327599687255669,0.9402173913043478,0.6975806451612904,0.8009259259259259,0.01066925315227934,0.8434556960045055,1279,248,0.5,0.987813272425769,0.951295307447238,0.054768109229496605,0.19222772725054713
5,validation,0,436,6,19,43,0.9503968253968254,0.8775510204081632,0.6935483870967742,0.7747747747747747,0.013574660633484163,0.8399868632316451,504,62,0.5,0.9866077944825573,0.9177077214314371,0.03847016081727641,0.13381497454411442
5,validation,1,287,0,40,22,0.8853868194842407,1.0,0.3548387096774194,0.5238095238095238,0.0,0.6774193548387097,349,62,0.5,0.9889288524221648,0.9560216357685782,0.08196358096934732,0.2556189120102894
5,validation,2,441,11,13,49,0.953307392996109,0.8166666666666667,0.7903225806451613,0.8032786885245902,0.024336283185840708,0.8829931487296603,514,62,0.5,0.9891164715957751,0.9231939935473696,0.03427118531393858,0.12547326759768065
5,validation,3,671,18,3,59,0.9720372836218375,0.7662337662337663,0.9516129032258065,0.8489208633093526,0.026124818577648767,0.9627440423240788,751,62,0.5,0.9963481436396835,0.9647065696567125,0.01975848152947654,0.07422650451469631
5,validation,4,233,0,26,36,0.911864406779661,1.0,0.5806451612903226,0.7346938775510204,0.0,0.7903225806451613,295,62,0.5,0.968711061885643,0.8999523453144246,0.07655551352663405,0.24060900676440036
5,validation,5,363,8,22,40,0.930715935334873,0.8333333333333334,0.6451612903225806,0.7272727272727273,0.0215633423180593,0.8117989740022606,433,62,0.5,0.9497435005651682,0.8284122557503288,0.06160994720504375,0.22629671098870388
5,validation,6,174,20,0,62,0.921875,0.7560975609756098,1.0,0.8611111111111112,0.10309278350515463,0.9484536082474226,256,62,0.5,0.9948453608247423,0.9860721957354631,0.07971406078564053,0.2909575937519695
5,validation,7,426,11,0,62,0.9779559118236473,0.8493150684931506,1.0,0.9185185185185185,0.02517162471395881,0.9874141876430206,499,62,0.5,0.9983391156713664,0.9888944557810024,0.020177769564289193,0.08066639364342047
5,validation,8,351,14,6,56,0.9531615925058547,0.8,0.9032258064516129,0.8484848484848485,0.038356164383561646,0.9324348210340256,427,62,0.5,0.9920459566946531,0.9581401725382863,0.03596245552149877,0.1343617421623533
5,validation,9,230,0,47,15,0.839041095890411,1.0,0.24193548387096775,0.38961038961038963,0.0,0.6209677419354839,292,62,0.5,0.9918653576437588,0.9741755639752202,0.09491128760885999,0.273767538963235
10,train,0,1193,34,68,180,0.9308474576271186,0.8411214953271028,0.7258064516129032,0.7792207792207793,0.027709861450692746,0.8490482950811052,1475,248,0.5,0.9793852038804323,0.9070693664278929,0.046412183390348354,0.14705163776932367
10,train,1,1291,41,28,220,0.9563291139240506,0.842911877394636,0.8870967741935484,0.8644400785854617,0.03078078078078078,0.9281579967063838,1580,248,0.5,0.9837952872227067,0.9347732920257538,0.03614506831581135,0.1316997906258197
10,train,2,1635,12,19,229,0.9836411609498681,0.950207468879668,0.9233870967741935,0.9366053169734151,0.007285974499089253,0.958050561137552,1895,248,0.5,0.9971600368215915,0.9857598778910597,0.01834740171525229,0.07689556358806214
10,train,3,1321,43,23,225,0.9590570719602978,0.8395522388059702,0.907258064516129,0.872093023255814,0.03152492668621701,0.937866568914956,1612,248,0.5,0.9879387002175763,0.9561820428854904,0.031284908559628184,0.11371824640482062
10,train,4,1586,104,8,240,0.9422084623323014,0.6976744186046512,0.967741935483871,0.8108108108108109,0.06153846153846154,0.9531017369727047,1938,248,0.5,0.9921764649742317,0.9569529686629594,0.04152349200668397,0.13955810895691148
10,train,5,1285,14,48,200,0.9599224305106658,0.9345794392523364,0.8064516129032258,0.8658008658008658,0.01077752117013087,0.8978370458665474,1547,248,0.5,0.9849263701606695,0.943360021310685,0.0356822338765307,0.1262949927140895
10,train,6,1285,18,33,215,0.9671179883945842,0.9227467811158798,0.8669354838709677,0.893970893970894,0.013814274750575594,0.9265606045601961,1551,248,0.5,0.9931485653454806,0.9634957762064053,0.02930264171734928,0.10868082759961306
10,train,7,1031,25,61,187,0.9340490797546013,0.8820754716981132,0.7540322580645161,0.8130434782608695,0.023674242424242424,0.8651790078201369,1304,248,0.5,0.9791666666666666,0.929693958844849,0.04891797374637235,0.16607796172263958
10,train,8,1022,49,37,211,0.9347990902198635,0.8115384615384615,0.8508064516129032,0.8307086614173228,0.0457516339869281,0.9025274088129875,1319,248,0.5,0.9838031986988344,0.9461403965800697,0.04256529613195583,0.14738460423152178
10,train,9,979,52,10,238,0.9515246286161063,0.8206896551724138,0.9596774193548387,0.8847583643122676,0.0504364694471387,0.95462047495385,1279,248,0.5,0.9928193736115891,0.9742861224754655,0.03682307775328113,0.1347199636852831
10,validation,0,433,9,11,51,0.9603174603174603,0.85,0.8225806451612904,0.8360655737704918,0.020361990950226245,0.901109327105532,504,62,0.5,0.9932126696832579,0.9568942341232363,0.024417508827039684,0.07987412627841212
10,validation,1,287,0,18,44,0.9484240687679083,1.0,0.7096774193548387,0.8301886792452831,0.0,0.8548387096774194,349,62,0.5,0.9955603012251321,0.980916199839444,0.039074278544037735,0.12496760733249777
10,validation,2,444,8,3,59,0.9785992217898832,0.8805970149253731,0.9516129032258065,0.9147286821705426,0.017699115044247787,0.9669568940907793,514,62,0.5,0.9981087639166429,0.9874798395141684,0.021800715862242154,0.08681370449604871
10,validation,3,665,24,0,62,0.9680426098535286,0.7209302325581395,1.0,0.8378378378378378,0.03483309143686502,0.9825834542815675,751,62,0.5,1.0,1.0,0.021070508094865315,0.06850260156956292
10,validation,4,213,20,13,49,0.888135593220339,0.7101449275362319,0.7903225806451613,0.7480916030534351,0.08583690987124463,0.8522428353869583,295,62,0.5,0.9699570815450644,0.9108193889736043,0.06053547299906003,0.19316648163398834
10,validation,5,369,2,16,46,0.9584295612009238,0.9583333333333334,0.7419354838709677,0.8363636363636363,0.005390835579514825,0.8682723241457264,433,62,0.5,0.9735240413877054,0.9038316410004048,0.04105966986683352,0.16005675998426103
10,validation,6,181,13,0,62,0.94921875,0.8266666666666667,1.0,0.9051094890510949,0.06701030927835051,0.9664948453608248,256,62,0.5,0.9966744263385434,0.9907900685775861,0.05884795704244262,0.2328155576532575
10,validation,7,425,12,0,62,0.9759519038076152,0.8378378378378378,1.0,0.9117647058823529,0.02745995423340961,0.9862700228832952,499,62,0.5,0.9980438473462759,0.9868801769778911,0.021552621609652885,0.08164836149023781
10,validation,8,346,19,0,62,0.955503512880562,0.7654320987654321,1.0,0.8671328671328671,0.052054794520547946,0.973972602739726,427,62,0.5,0.9962439239946973,0.9801331984295074,0.030429758170142932,0.10752959403035955
10,validation,9,230,0,19,43,0.934931506849315,1.0,0.6935483870967742,0.819047619047619,0.0,0.8467741935483871,292,62,0.5,0.9956521739130434,0.986053501058991,0.04839539000875898,0.1553227869818441
15,train,0,1206,21,66,182,0.9410169491525424,0.896551724137931,0.7338709677419355,0.8070953436807096,0.017114914425427872,0.8583780266582538,1475,248,0.5,0.9889416883560744,0.946275963686056,0.037975725971435004,0.12547794665598566
15,train,1,1285,47,18,230,0.9588607594936709,0.8303249097472925,0.9274193548387096,0.8761904761904762,0.03528528528528529,0.9460670347767122,1580,248,0.5,0.9906246972779231,0.9610135826821683,0.029924368908432742,0.1098145555675887
15,train,2,1607,40,5,243,0.9762532981530343,0.8586572438162544,0.9798387096774194,0.9152542372881356,0.024286581663630843,0.9777760640068942,1895,248,0.5,0.9975297216836084,0.9876834604666352,0.018764468843372947,0.06951931608391143
15,train,3,1328,36,21,227,0.9646401985111662,0.8631178707224335,0.9153225806451613,0.8884540117416829,0.026392961876832845,0.9444648093841642,1612,248,0.5,0.9901262889036042,0.9664952506265895,0.025236961253159846,0.09195143573246194
15,train,4,1621,69,8,240,0.9602683178534571,0.7766990291262136,0.967741935483871,0.8617594254937163,0.04082840236686391,0.9634567665585035,1938,248,0.5,0.9954762359228861,0.9734429445925676,0.027296406612673626,0.09235218766816682
15,train,5,1294,5,44,204,0.9683257918552036,0.9760765550239234,0.8225806451612904,0.8927789934354485,0.003849114703618168,0.909365765228836,1547,248,0.5,0.9909266433236484,0.9648583042937842,0.027410489712986697,0.09741902125457018
15,train,6,1280,23,14,234,0.9761444229529336,0.9105058365758755,0.9435483870967742,0.9267326732673268,0.017651573292402148,0.9629484069021861,1551,248,0.5,0.9955963904636942,0.9768072067158844,0.021775174523789395,0.08331555160409569
15,train,7,1042,14,50,198,0.950920245398773,0.9339622641509434,0.7983870967741935,0.8608695652173913,0.013257575757575758,0.8925647605083089,1304,248,0.5,0.9897169782502444,0.9628180015745277,0.03535417238736779,0.12467741849655263
15,train,8,1061,10,39,209,0.9628506444275967,0.954337899543379,0.842741935483871,0.8950749464668094,0.009337068160597572,0.9167024336616367,1319,248,0.5,0.9911222553537544,0.9693141049613647,0.03272269214445854,0.12424076325525832
15,train,9,1031,0,54,194,0.9577795152462861,1.0,0.782258064516129,0.8778280542986425,0.0,0.8911290322580645,1279,248,0.5,0.9956157504458558,0.9846920336187246,0.03477323725969643,0.12853899956119963
15,validation,0,435,7,12,50,0.9623015873015873,0.8771929824561403,0.8064516129032258,0.8403361344537815,0.01583710407239819,0.8953072544154137,504,62,0.5,0.9942709093562984,0.963467313319573,0.0230009169953745,0.0758540269075594
15,validation,1,285,2,11,51,0.9627507163323782,0.9622641509433962,0.8225806451612904,0.8869565217391304,0.006968641114982578,0.9078060020231539,349,62,0.5,0.996066089693155,0.9826956976143875,0.027055809021684835,0.0906172160367582
15,validation,2,425,27,0,62,0.9474708171206225,0.6966292134831461,1.0,0.8211920529801324,0.059734513274336286,0.9701327433628318,514,62,0.5,0.9981801313160149,0.9879846710089821,0.02915750539476124,0.09511914232590774
15,validation,3,671,18,0,62,0.9760319573901465,0.775,1.0,0.8732394366197183,0.026124818577648767,0.9869375907111756,751,62,0.5,0.9998595439861416,0.9984791399915671,0.016376407299330323,0.05346326696589063
15,validation,4,217,16,12,50,0.9050847457627119,0.7575757575757576,0.8064516129032258,0.78125,0.06866952789699571,0.868891042503115,295,62,0.5,0.977156306243943,0.9335505271606563,0.052148871359430894,0.15972427501813669
15,validation,5,370,1,14,48,0.9653579676674365,0.9795918367346939,0.7741935483870968,0.8648648648648649,0.0026954177897574125,0.8857490652986697,433,62,0.5,0.9815233457960177,0.9296321093064429,0.03292332673193737,0.1294308730415689
15,validation,6,178,16,0,62,0.9375,0.7948717948717948,1.0,0.8857142857142857,0.08247422680412371,0.9587628865979381,256,62,0.5,0.9977552377785168,0.9937607722959027,0.050225549540905474,0.19282357581193477
15,validation,7,427,10,0,62,0.9799599198396793,0.8611111111111112,1.0,0.9253731343283582,0.02288329519450801,0.9885583524027459,499,62,0.5,0.9982652985900937,0.9883532826742861,0.019629546528257713,0.07205949376427054
15,validation,8,363,2,0,62,0.9953161592505855,0.96875,1.0,0.9841269841269841,0.005479452054794521,0.9972602739726028,427,62,0.5,1.0,1.0,0.017834255380139052,0.08186826082329088
15,validation,9,230,0,24,38,0.9178082191780822,1.0,0.6129032258064516,0.76,0.0,0.8064516129032258,292,62,0.5,0.9999298737727911,0.9997439836149513,0.061263473910956115,0.18574540436460923
20,train,0,1204,23,33,215,0.9620338983050848,0.9033613445378151,0.8669354838709677,0.8847736625514403,0.018744906275468622,0.9240952887977496,1475,248,0.5,0.9934701737781634,0.9675026083719357,0.026408410686579082,0.08908133545003066
20,train,1,1279,53,15,233,0.9569620253164557,0.8146853146853147,0.9395161290322581,0.8726591760299626,0.03978978978978979,0.9498631696212342,1580,248,0.5,0.9909001743679162,0.9622096004408962,0.03177811398722268,0.10727664654272137
20,train,2,1615,32,11,237,0.9773087071240105,0.8810408921933085,0.9556451612903226,0.9168278529980658,0.019429265330904676,0.968107947979709,1895,248,0.5,0.9967634212742621,0.9827276089951504,0.017138583225468497,0.0629611397165055
20,train,3,1337,27,32,216,0.9633995037220844,0.8888888888888888,0.8709677419354839,0.879837067209776,0.019794721407624633,0.9255865102639296,1612,248,0.5,0.990114464099896,0.9625448027688962,0.025205170166152074,0.08908243585364767
20,train,4,1645,45,8,240,0.9726522187822497,0.8421052631578947,0.967741935483871,0.900562851782364,0.026627218934911243,0.9705573582744799,1938,248,0.5,0.9957768658140868,0.9729037038256191,0.021467163253883176,0.07649691050969655
20,train,5,1292,7,32,216,0.9747899159663865,0.968609865470852,0.8709677419354839,0.9171974522292994,0.005388760585065435,0.9327894906752092,1547,248,0.5,0.9949123395167498,0.9791533797245452,0.020733734050952,0.07505601973623202
20,train,6,1260,43,9,239,0.9664732430689877,0.8475177304964538,0.9637096774193549,0.9018867924528302,0.03300076745970836,0.9653544549798232,1551,248,0.5,0.996883742232565,0.9848455890684295,0.02117693117554845,0.07475196678622352
20,train,7,1051,5,37,211,0.9677914110429447,0.9768518518518519,0.8508064516129032,0.9094827586206896,0.004734848484848485,0.9230358015640274,1304,248,0.5,0.9946847507331379,0.9806726951813224,0.026393195631052656,0.09434689554829453
20,train,8,1051,20,33,215,0.9598180439727066,0.9148936170212766,0.8669354838709677,0.8902691511387164,0.018674136321195144,0.9241306737748862,1319,248,0.5,0.9921274961597542,0.9720199234630786,0.027924246369219786,0.09805041655208965
20,train,9,1008,23,12,236,0.9726348709929633,0.9111969111969112,0.9516129032258065,0.9309664694280079,0.02230843840931135,0.9646522324082476,1279,248,0.5,0.9966678138981884,0.9884218312557425,0.02215361900827108,0.08574484239966698
20,validation,0,433,9,7,55,0.9682539682539683,0.859375,0.8870967741935484,0.873015873015873,0.020361990950226245,0.933367391621661,504,62,0.5,0.9958765143774632,0.9724915413757884,0.018733578988002975,0.05873198764291433
20,validation,1,285,2,9,53,0.9684813753581661,0.9636363636363636,0.8548387096774194,0.905982905982906,0.006968641114982578,0.9239350342812184,349,62,0.5,0.9962908845678319,0.9838399171666666,0.02328199416029827,0.07645926043646023
20,validation,2,431,21,0,62,0.9591439688715954,0.7469879518072289,1.0,0.8551724137931035,0.046460176991150445,0.9767699115044248,514,62,0.5,0.9996788467028261,0.9977461431431905,0.023429441299441918,0.07876381240103768
20,validation,3,681,8,0,62,0.9893475366178429,0.8857142857142857,1.0,0.9393939393939394,0.011611030478955007,0.9941944847605225,751,62,0.5,1.0,1.0,0.007313853375394643,0.029963692771873458
20,validation,4,231,2,13,49,0.9491525423728814,0.9607843137254902,0.7903225806451613,0.8672566371681416,0.008583690987124463,0.8908694448290184,295,62,0.5,0.9851169874013568,0.9533662219793884,0.04172770305031365,0.13438341834031914
20,validation,5,369,2,12,50,0.9676674364896074,0.9615384615384616,0.8064516129032258,0.8771929824561403,0.005390835579514825,0.9005303886618554,433,62,0.5,0.985349100078254,0.9424152356803991,0.02835094232165453,0.11209027296746277
20,validation,6,181,13,0,62,0.94921875,0.8266666666666667,1.0,0.9051094890510949,0.06701030927835051,0.9664948453608248,256,62,0.5,0.9875290987695378,0.9628976806759306,0.04895115241310532,0.17870376571875723
20,validation,7,433,4,3,59,0.9859719438877755,0.9365079365079365,0.9516129032258065,0.944,0.009153318077803204,0.9712297925740017,499,62,0.5,0.9990403779434561,0.9934401754695925,0.01597713728451437,0.05898030823230892
20,validation,8,359,6,0,62,0.9859484777517564,0.9117647058823529,1.0,0.9538461538461539,0.01643835616438356,0.9917808219178081,427,62,0.5,0.9997790543526293,0.9987195246069518,0.015041992309860747,0.06270814386634838
20,validation,9,230,0,12,50,0.958904109589041,1.0,0.8064516129032258,0.8928571428571429,0.0,0.9032258064516129,292,62,0.5,1.0,1.0,0.029165878089120655,0.09293402084746227
25,train,0,1207,20,30,218,0.9661016949152542,0.9159663865546218,0.8790322580645161,0.897119341563786,0.016299918500407497,0.9313661697820543,1475,248,0.5,0.9944692010410916,0.9709523895298818,0.024084419210593778,0.08400812072849238
25,train,1,1292,40,11,237,0.9677215189873418,0.855595667870036,0.9556451612903226,0.9028571428571428,0.03003003003003003,0.9628075656301462,1580,248,0.5,0.9930888549840162,0.9652790814655324,0.025407862672062367,0.0908417078072399
25,train,2,1628,19,15,233,0.9820580474934036,0.9246031746031746,0.9395161290322581,0.932,0.01153612629022465,0.9639900013710168,1895,248,0.5,0.9977182364807959,0.9873422528307007,0.013180568239389812,0.04804649650540912
25,train,3,1361,3,34,214,0.9770471464019851,0.9861751152073732,0.8629032258064516,0.9204301075268817,0.0021994134897360706,0.9303519061583578,1612,248,0.5,0.9947793491628039,0.978192694465522,0.019823979687506512,0.07242591755346056
25,train,4,1664,26,31,217,0.9705882352941176,0.8930041152263375,0.875,0.8839103869653768,0.015384615384615385,0.9298076923076923,1938,248,0.5,0.9955191830502005,0.9740646214971386,0.018221167055889106,0.06429488570315016
25,train,5,1299,0,68,180,0.9560439560439561,1.0,0.7258064516129032,0.8411214953271028,0.0,0.8629032258064516,1547,248,0.5,0.9946919466587201,0.9773426898098505,0.03035648404947217,0.10049710555998824
25,train,6,1291,12,23,225,0.9774339136041263,0.9493670886075949,0.907258064516129,0.9278350515463918,0.00920951650038373,0.9490242740078727,1551,248,0.5,0.9977811749560568,0.988675489457292,0.01611783986226611,0.06054179901523932
25,train,7,1046,10,34,214,0.9662576687116564,0.9553571428571429,0.8629032258064516,0.9067796610169492,0.00946969696969697,0.9267167644183774,1304,248,0.5,0.9948451246334311,0.9804456331229584,0.024913372539266787,0.08732700608953278
25,train,8,1061,10,35,213,0.9658832448824868,0.9551569506726457,0.8588709677419355,0.9044585987261147,0.009337068160597572,0.924766949790669,1319,248,0.5,0.9931515616999488,0.9753524025123858,0.02584893998712207,0.09130233014538672
25,train,9,1020,11,19,229,0.9765441751368257,0.9541666666666667,0.9233870967741935,0.9385245901639344,0.01066925315227934,0.9563589218109572,1279,248,0.5,0.996914207940928,0.9891134428570034,0.01994961461174612,0.07834663527480507
25,validation,0,435,7,7,55,0.9722222222222222,0.8870967741935484,0.8870967741935484,0.8870967741935484,0.01583710407239819,0.9356298350605751,504,62,0.5,0.9970442271201284,0.9803446526892783,0.01569983891505735,0.05260339820524746
25,validation,1,286,1,8,54,0.9742120343839542,0.9818181818181818,0.8709677419354839,0.9230769230769231,0.003484320557491289,0.9337417106889963,349,62,0.5,0.9980892435652466,0.9915017478131053,0.01825280609751441,0.06277270808107174
25,validation,2,444,8,5,57,0.9747081712062257,0.8769230769230769,0.9193548387096774,0.8976377952755905,0.017699115044247787,0.9508278618327148,514,62,0.5,0.9975021410219812,0.9827279184881123,0.014968344213307725,0.05459783015157673
25,validation,3,687,2,0,62,0.9973368841544608,0.96875,1.0,0.9841269841269841,0.002902757619738752,0.9985486211901307,751,62,0.5,0.999976590664357,0.9997439836149513,0.005163381433319048,0.023849637340184984
25,validation,4,233,0,19,43,0.9355932203389831,1.0,0.6935483870967742,0.819047619047619,0.0,0.8467741935483871,295,62,0.5,0.9702339748027136,0.9164300722613932,0.058253133612145645,0.18570897687622606
25,validation,5,371,0,17,45,0.9607390300230947,1.0,0.7258064516129032,0.8411214953271028,0.0,0.8629032258064516,433,62,0.5,0.9903051908529693,0.9591623868162711,0.0314817206756168,0.12283142606334757
25,validation,6,181,13,3,59,0.9375,0.8194444444444444,0.9516129032258065,0.8805970149253731,0.06701030927835051,0.942301296973728,256,62,0.5,0.9914366478217492,0.9758096437405077,0.03592548409222526,0.13656074061299603
25,validation,7,432,5,1,61,0.9879759519038076,0.9242424242424242,0.9838709677419355,0.953125,0.011441647597254004,0.9862146600723407,499,62,0.5,0.9991511035653651,0.9942744722107412,0.01289614292319688,0.049217418862823686
25,validation,8,361,4,0,62,0.990632318501171,0.9393939393939394,1.0,0.96875,0.010958904109589041,0.9945205479452055,427,62,0.5,0.9998232434821034,0.9989714116954674,0.011894597329324672,0.053018764631949315
25,validation,9,230,0,12,50,0.958904109589041,1.0,0.8064516129032258,0.8928571428571429,0.0,0.9032258064516129,292,62,0.5,0.9999298737727911,0.9997439836149513,0.02779900924139797,0.08867782247987363
30,train,0,1208,19,16,232,0.976271186440678,0.9243027888446215,0.9354838709677419,0.9298597194388778,0.015484922575387123,0.9599994741961774,1475,248,0.5,0.9969043299944791,0.9847811351324806,0.017794385286465098,0.062442589762423825
30,train,1,1281,51,12,236,0.960126582278481,0.8222996515679443,0.9516129032258065,0.8822429906542056,0.038288288288288286,0.956662307468759,1580,248,0.5,0.9928981400755594,0.9665914374906952,0.02982436056498407,0.10030700865950361
30,train,2,1639,8,13,235,0.9889182058047493,0.9670781893004116,0.9475806451612904,0.9572301425661914,0.004857316332726169,0.9713616644142822,1895,248,0.5,0.9984135378106822,0.9908025636021983,0.011717289972308486,0.04466037057263974
30,train,3,1358,6,31,217,0.9770471464019851,0.9730941704035875,0.875,0.921443736730361,0.004398826979472141,0.9353005865102639,1612,248,0.5,0.9943595686311607,0.9773145453785893,0.019316307749100675,0.0714134450763702
30,train,4,1678,12,35,213,0.9757481940144479,0.9466666666666667,0.8588709677419355,0.9006342494714588,0.007100591715976331,0.9258851880129796,1938,248,0.5,0.9956170070624165,0.9748147295224662,0.017933057822898946,0.061052813811084065
30,train,5,1299,0,63,185,0.9592760180995475,1.0,0.7459677419354839,0.8545034642032333,0.0,0.872983870967742,1547,248,0.5,0.9953717499813753,0.9794951795252004,0.028037318688302223,0.0914096483285624
30,train,6,1296,7,21,227,0.9819471308833011,0.9700854700854701,0.9153225806451613,0.941908713692946,0.005372217958557176,0.9549751813433021,1551,248,0.5,0.9984186616492956,0.9922164004434841,0.014140192408678434,0.05241974617404163
30,train,7,1044,12,34,214,0.9647239263803681,0.9469026548672567,0.8629032258064516,0.9029535864978903,0.011363636363636364,0.9257697947214076,1304,248,0.5,0.9949100378787878,0.9804671204385123,0.02448219720080643,0.08275636731798142
30,train,8,1052,19,30,218,0.9628506444275967,0.919831223628692,0.8790322580645161,0.8989690721649485,0.017740429505135387,0.9306459142796903,1319,248,0.5,0.9923910424384809,0.9735978522837939,0.025773902125903428,0.08694808526721322
30,train,9,1016,15,12,236,0.9788897576231431,0.9402390438247012,0.9516129032258065,0.9458917835671342,0.014548981571290009,0.9685319608272582,1279,248,0.5,0.9978841400456806,0.9924663023034602,0.015800103100140794,0.0599267505409849
30,validation,0,433,9,1,61,0.9801587301587301,0.8714285714285714,0.9838709677419355,0.9242424242424242,0.020361990950226245,0.9817544883958547,504,62,0.5,0.9975915924682528,0.9838150300801827,0.01563467291095796,0.05028379038025781
30,validation,1,285,2,8,54,0.9713467048710601,0.9642857142857143,0.8709677419354839,0.9152542372881356,0.006968641114982578,0.9319995504102506,349,62,0.5,0.9970776666292008,0.9873030224794447,0.019761091372029495,0.06399180364430157
30,validation,2,452,0,9,53,0.9824902723735408,1.0,0.8548387096774194,0.9217391304347826,0.0,0.9274193548387097,514,62,0.5,0.9995717956037682,0.9969808149692492,0.013470487906330887,0.05121488468215126
30,validation,3,685,4,0,62,0.9946737683089214,0.9393939393939394,1.0,0.96875,0.005805515239477504,0.9970972423802613,751,62,0.5,1.0,1.0,0.005682353492522575,0.024742956772320215
30,validation,4,233,0,23,39,0.9220338983050848,1.0,0.6290322580645161,0.7722772277227723,0.0,0.814516129032258,295,62,0.5,0.9695417416585906,0.9149338129788265,0.06397152781779751,0.21458835757420447
30,validation,5,371,0,15,47,0.9653579676674365,1.0,0.7580645161290323,0.8623853211009175,0.0,0.8790322580645161,433,62,0.5,0.9933049300060864,0.9697033983373797,0.027464583514121815,0.10215194922200391
30,validation,6,184,10,7,55,0.93359375,0.8461538461538461,0.8870967741935484,0.8661417322834646,0.05154639175257732,0.9177751912204855,256,62,0.5,0.9908546724309943,0.973988568366401,0.03442496667625565,0.12261129799046905
30,validation,7,437,0,8,54,0.9839679358717435,1.0,0.8709677419354839,0.9310344827586207,0.0,0.935483870967742,499,62,0.5,0.9991141950247288,0.9940519776454445,0.012343186789841788,0.0446763993035688
30,validation,8,359,6,0,62,0.9859484777517564,0.9117647058823529,1.0,0.9538461538461539,0.01643835616438356,0.9917808219178081,427,62,0.5,0.9989836500220947,0.9939609267236449,0.012796480500646905,0.049356839226080085
30,validation,9,230,0,10,52,0.9657534246575342,1.0,0.8387096774193549,0.9122807017543859,0.0,0.9193548387096775,292,62,0.5,0.9996493688639551,0.9987623372118689,0.024441872187623233,0.07621748424228827
35,train,0,1210,17,46,202,0.9572881355932203,0.9223744292237442,0.8145161290322581,0.8650963597430407,0.013854930725346373,0.9003305991534558,1475,248,0.5,0.9944790598627652,0.9708129561351373,0.02747412726899369,0.08555014748053535
35,train,1,1288,44,12,236,0.9645569620253165,0.8428571428571429,0.9516129032258065,0.8939393939393939,0.03303303303303303,0.9592899350963867,1580,248,0.5,0.9932674610093966,0.9686123861296856,0.026230313847980653,0.09040011949391821
35,train,2,1619,28,8,240,0.9810026385224274,0.8955223880597015,0.967741935483871,0.9302325581395349,0.01700060716454159,0.9753706641596647,1895,248,0.5,0.998543294749006,0.9914021370929229,0.013190707667088358,0.04820509915371677
35,train,3,1360,4,26,222,0.9813895781637717,0.9823008849557522,0.8951612903225806,0.9367088607594937,0.002932551319648094,0.9461143695014662,1612,248,0.5,0.9975286160249739,0.9883769178168662,0.01499291123250381,0.05507659813349234
35,train,4,1671,19,27,221,0.9762641898864809,0.9208333333333333,0.8911290322580645,0.9057377049180327,0.011242603550295858,0.9399432143538844,1938,248,0.5,0.9974160145065852,0.9833268462193936,0.014612930124291846,0.050873090927346216
35,train,5,1299,0,69,179,0.9553975436328378,1.0,0.7217741935483871,0.8384074941451991,0.0,0.8608870967741935,1547,248,0.5,0.9960298244307035,0.9814815117069451,0.030092589569024365,0.09313077886396254
35,train,6,1292,11,18,230,0.9813023855577047,0.9543568464730291,0.9274193548387096,0.9406952965235174,0.00844205679201842,0.9594886490233456,1551,248,0.5,0.9984434184140817,0.9922095744910342,0.01274197457583174,0.046077555472775554
35,train,7,1043,13,25,223,0.9708588957055214,0.9449152542372882,0.8991935483870968,0.9214876033057852,0.01231060606060606,0.9434414711632453,1304,248,0.5,0.9961433895405669,0.9854397709218997,0.020190488230990473,0.06910100721892995
35,train,8,1057,14,21,227,0.9734647460197119,0.941908713692946,0.9153225806451613,0.9284253578732107,0.013071895424836602,0.9511253426101623,1319,248,0.5,0.9952825216107949,0.9832231458329378,0.020773106029789455,0.0708101841059168
35,train,9,1022,9,14,234,0.982017200938233,0.9629629629629629,0.9435483870967742,0.9531568228105907,0.008729388942774006,0.9674094990770001,1279,248,0.5,0.9978841400456807,0.9924814405462417,0.015107017422715476,0.05866398384019764
35,validation,0,442,0,10,52,0.9801587301587301,1.0,0.8387096774193549,0.9122807017543859,0.0,0.9193548387096775,504,62,0.5,0.9978105386075026,0.9854465962209353,0.01718726299503154,0.05463194093929174
35,validation,1,286,1,9,53,0.9713467048710601,0.9814814814814815,0.8548387096774194,0.9137931034482759,0.003484320557491289,0.925677194559964,349,62,0.5,0.9973024615038777,0.988282727200716,0.021414188959649447,0.07075956613634181
35,validation,2,441,11,0,62,0.9785992217898832,0.8493150684931506,1.0,0.9185185185185185,0.024336283185840708,0.9878318584070797,514,62,0.5,0.9991435912075364,0.9941327294133051,0.01511852730495232,0.05719374586410252
35,validation,3,686,3,0,62,0.996005326231691,0.9538461538461539,1.0,0.9763779527559056,0.0043541364296081275,0.9978229317851959,751,62,0.5,0.999976590664357,0.9997439836149513,0.006142420795898606,0.02658198199198544
35,validation,4,233,0,21,41,0.9288135593220339,1.0,0.6612903225806451,0.7961165048543689,0.0,0.8306451612903225,295,62,0.5,0.9959850477640869,0.9857586193665671,0.04685299262112428,0.14096540534423693
35,validation,5,371,0,14,48,0.9676674364896074,1.0,0.7741935483870968,0.8727272727272727,0.0,0.8870967741935484,433,62,0.5,0.9921311190331276,0.9652746202270143,0.02724439334458229,0.10589278029441655
35,validation,6,182,12,4,58,0.9375,0.8285714285714286,0.9354838709677419,0.8787878787878788,0.061855670103092786,0.9368141004323245,256,62,0.5,0.9919354838709677,0.9773440948592644,0.03174870422052547,0.1109996162018366
35,validation,7,425,12,0,62,0.9759519038076152,0.8378378378378378,1.0,0.9117647058823529,0.02745995423340961,0.9862700228832952,499,62,0.5,0.9998523658374548,0.9989714116954674,0.014004922452148494,0.04691911411462245
35,validation,8,346,19,0,62,0.955503512880562,0.7654320987654321,1.0,0.8671328671328671,0.052054794520547946,0.973972602739726,427,62,0.5,0.9999558108705259,0.9997439836149513,0.023387561976943954,0.07051193301019455
35,validation,9,230,0,13,49,0.9554794520547946,1.0,0.7903225806451613,0.8828828828828829,0.0,0.8951612903225806,292,62,0.5,0.9992987377279102,0.9975872782301403,0.03027547799954561,0.09558315538071123
40,train,0,1211,16,49,199,0.9559322033898305,0.9255813953488372,0.8024193548387096,0.8596112311015118,0.013039934800325998,0.8946897100191918,1475,248,0.5,0.9942490206903805,0.9720175742913506,0.03036442214688073,0.09355482202592644
40,train,1,1309,23,19,229,0.9734177215189873,0.9087301587301587,0.9233870967741935,0.916,0.017267267267267267,0.9530599147534631,1580,248,0.5,0.9961463479608641,0.9827976809772034,0.01867350038907558,0.0664383098191971
40,train,2,1635,12,13,235,0.9868073878627969,0.951417004048583,0.9475806451612904,0.9494949494949495,0.007285974499089253,0.9701473353311005,1895,248,0.5,0.9985726736784378,0.9904048380479079,0.011000185021530022,0.041717676428164915
40,train,3,1357,7,24,224,0.9807692307692307,0.9696969696969697,0.9032258064516129,0.9352818371607515,0.005131964809384164,0.9490469208211143,1612,248,0.5,0.9964643836912308,0.984961020117083,0.015256557220785505,0.05578389975450601
40,train,4,1667,23,23,225,0.9762641898864809,0.907258064516129,0.907258064516129,0.907258064516129,0.013609467455621301,0.9468242985302538,1938,248,0.5,0.9974947509066616,0.9841524909891172,0.014210975693872379,0.047765266574727704
40,train,5,1295,4,49,199,0.9657401422107305,0.9802955665024631,0.8024193548387096,0.8824833702882483,0.003079291762894534,0.8996700315379076,1547,248,0.5,0.9974453053217115,0.9876125814625978,0.022178712581536107,0.07058792087233848
40,train,6,1302,1,23,225,0.9845261121856866,0.995575221238938,0.907258064516129,0.9493670886075949,0.0007674597083653108,0.9532453024038818,1551,248,0.5,0.9989199861362117,0.9949086971188147,0.01232628095648048,0.04612156105232588
40,train,7,1046,10,41,207,0.9608895705521472,0.9539170506912442,0.8346774193548387,0.8903225806451613,0.00946969696969697,0.9126038611925709,1304,248,0.5,0.9950016801075269,0.9799941567109713,0.027459219452274076,0.08752870524818009
40,train,8,1047,24,23,225,0.9643669446550417,0.9036144578313253,0.907258064516129,0.9054325955734407,0.022408963585434174,0.9424245504653475,1319,248,0.5,0.9917735911568928,0.9712557146162709,0.028158647340566126,0.09052096918715724
40,train,9,1028,3,18,230,0.983580922595778,0.9871244635193133,0.9274193548387096,0.9563409563409564,0.002909796314258002,0.9622547792622258,1279,248,0.5,0.9984786145614968,0.9944974326015302,0.013907658164840292,0.05252384107595174
40,validation,0,440,2,9,53,0.9781746031746031,0.9636363636363636,0.8548387096774194,0.905982905982906,0.004524886877828055,0.9251569113997957,504,62,0.5,0.9970442271201284,0.9806404843764026,0.018163241308077567,0.057960053607786714
40,validation,1,287,0,8,54,0.9770773638968482,1.0,0.8709677419354839,0.9310344827586207,0.0,0.935483870967742,349,62,0.5,0.9976958525345623,0.9899807600410211,0.02052334830843279,0.06790274479554416
40,validation,2,450,2,3,59,0.9902723735408561,0.9672131147540983,0.9516129032258065,0.959349593495935,0.004424778761061947,0.9735940622323722,514,62,0.5,0.9995361119040822,0.9967330571772666,0.010824603794974347,0.04435157473676488
40,validation,3,683,6,0,62,0.9920106524633822,0.9117647058823529,1.0,0.9538461538461539,0.008708272859216255,0.9956458635703919,751,62,0.5,0.999976590664357,0.9997439836149513,0.006093556883954687,0.023387413013810286
40,validation,4,233,0,17,45,0.9423728813559322,1.0,0.7258064516129032,0.8411214953271028,0.0,0.8629032258064516,295,62,0.5,0.9849093174581198,0.9549738696998313,0.04351005381486998,0.13463037394357674
40,validation,5,371,0,11,51,0.9745958429561201,1.0,0.8225806451612904,0.9026548672566371,0.0,0.9112903225806452,433,62,0.5,0.9923050169550474,0.9659034249621647,0.02408585202518774,0.0961202972176132
40,validation,6,179,15,0,62,0.94140625,0.8051948051948052,1.0,0.8920863309352518,0.07731958762886598,0.961340206185567,256,62,0.5,0.9935151313601597,0.9826886631271102,0.04190915583003144,0.13888202698495475
40,validation,7,437,0,12,50,0.9759519038076152,1.0,0.8064516129032258,0.8928571428571429,0.0,0.9032258064516129,499,62,0.5,0.9995201889717281,0.9967669186855513,0.014625891932162044,0.04672129117111312
40,validation,8,359,6,0,62,0.9859484777517564,0.9117647058823529,1.0,0.9538461538461539,0.01643835616438356,0.9917808219178081,427,62,0.5,0.9992929739284137,0.9958708779715515,0.011355011795288828,0.04291574668867983
40,validation,9,230,0,12,50,0.958904109589041,1.0,0.8064516129032258,0.8928571428571429,0.0,0.9032258064516129,292,62,0.5,0.9993688639551191,0.9978516885950265,0.02888389629664793,0.09249282451556004
45,train,0,1207,20,21,227,0.9722033898305085,0.9190283400809717,0.9153225806451613,0.9171717171717172,0.016299918500407497,0.9495113310723768,1475,248,0.5,0.9967663064910481,0.9841868321494295,0.018127639415258835,0.059848192594803444
45,train,1,1294,38,5,243,0.9727848101265822,0.8647686832740213,0.9798387096774194,0.9187145557655955,0.028528528528528527,0.9756550905744454,1580,248,0.5,0.9977356388646711,0.9892216829181629,0.019442159604480647,0.06806946922501766
45,train,2,1623,24,2,246,0.9862796833773088,0.9111111111111111,0.9919354838709677,0.9498069498069498,0.014571948998178506,0.9886817674363946,1895,248,0.5,0.99946138629375,0.9965049570501705,0.010059527375174666,0.03790369089639914
45,train,3,1345,19,10,238,0.9820099255583127,0.9260700389105059,0.9596774193548387,0.9425742574257425,0.013929618768328446,0.9728739002932552,1612,248,0.5,0.9983327026771355,0.9920548043211632,0.012609014487709083,0.04441359128711082
45,train,4,1649,41,4,244,0.9767801857585139,0.856140350877193,0.9838709677419355,0.9155722326454033,0.0242603550295858,0.9798053063561749,1938,248,0.5,0.9982845008589426,0.9889357737993577,0.015388131853957555,0.05090842982828219
45,train,5,1291,8,17,231,0.9838396897220426,0.9665271966527197,0.9314516129032258,0.9486652977412731,0.006158583525789068,0.9626465146887184,1547,248,0.5,0.9982616901338499,0.9919509321568442,0.013053978867257392,0.047593449387283694
45,train,6,1270,33,4,244,0.9761444229529336,0.8808664259927798,0.9838709677419355,0.9295238095238095,0.02532617037605526,0.9792723986829401,1551,248,0.5,0.9983196345901517,0.9916614278388405,0.017207905501428932,0.05868971540655191
45,train,7,1039,17,13,235,0.9769938650306749,0.9325396825396826,0.9475806451612904,0.94,0.016098484848484848,0.9657410801564028,1304,248,0.5,0.9977280364125123,0.9909853976706127,0.01720525528733468,0.06409619211597833
45,train,8,1055,16,20,228,0.9727065959059894,0.9344262295081968,0.9193548387096774,0.926829268292683,0.014939309056956116,0.9522077648263607,1319,248,0.5,0.996487304599259,0.9863489229752964,0.01960506153725517,0.06840214215195181
45,train,9,1008,23,10,238,0.9741985926505082,0.9118773946360154,0.9596774193548387,0.9351669941060904,0.02230843840931135,0.9686844904727637,1279,248,0.5,0.9978489408967179,0.9918391835610074,0.017863161859961077,0.06646114028952209
45,validation,0,436,6,6,56,0.9761904761904762,0.9032258064516129,0.9032258064516129,0.9032258064516129,0.013574660633484163,0.9448255729090644,504,62,0.5,0.997992993723544,0.9866890820377787,0.0127776712642483,0.04104319240757308
45,validation,1,282,5,1,61,0.9828080229226361,0.9242424242424242,0.9838709677419355,0.953125,0.017421602787456445,0.9832246824772395,349,62,0.5,0.9989884230639541,0.9955715816689158,0.012728945986148137,0.04408134686773711
45,validation,2,442,10,0,62,0.980544747081712,0.8611111111111112,1.0,0.9253731343283582,0.022123893805309734,0.9889380530973451,514,62,0.5,0.999928632600628,0.9994959677419355,0.012817446226902484,0.048534446859328347
45,validation,3,671,18,0,62,0.9760319573901465,0.775,1.0,0.8732394366197183,0.026124818577648767,0.9869375907111756,751,62,0.5,0.9997190879722834,0.997106755168972,0.015002688170807616,0.044332906157742255
45,validation,4,227,6,5,57,0.9627118644067797,0.9047619047619048,0.9193548387096774,0.912,0.02575107296137339,0.946801882874152,295,62,0.5,0.9966080575937976,0.9886835217622447,0.028019939615280043,0.09587704623247188
45,validation,5,370,1,9,53,0.976905311778291,0.9814814814814815,0.8548387096774194,0.9137931034482759,0.0026954177897574125,0.926071645943831,433,62,0.5,0.9933918789670464,0.9703111048406224,0.0207370381545579,0.07971369115129746
45,validation,6,184,10,2,60,0.953125,0.8571428571428571,0.967741935483871,0.9090909090909091,0.05154639175257732,0.9580977718656468,256,62,0.5,0.9960924509477885,0.989320849889038,0.027080683942027756,0.10233342333324705
45,validation,7,423,14,0,62,0.9719438877755511,0.8157894736842105,1.0,0.8985507246376812,0.032036613272311214,0.9839816933638443,499,62,0.5,0.9999630914593637,0.9997439836149513,0.017897731635240617,0.05870388087026467
45,validation,8,344,21,0,62,0.9508196721311475,0.7469879518072289,1.0,0.8551724137931035,0.057534246575342465,0.9712328767123288,427,62,0.5,0.9999558108705259,0.9997439836149513,0.02391286057857753,0.07415582063966729
45,validation,9,230,0,6,56,0.9794520547945206,1.0,0.9032258064516129,0.9491525423728814,0.0,0.9516129032258065,292,62,0.5,0.999859747545582,0.9994959677419355,0.012630931618294865,0.04507805764450278
50,train,0,1213,14,33,215,0.9681355932203389,0.9388646288209607,0.8669354838709677,0.9014675052410901,0.011409942950285249,0.9277627704603413,1475,248,0.5,0.9962470752162368,0.9805229709049728,0.02095447614715039,0.06679446448211358
50,train,1,1311,21,25,223,0.970886075949367,0.9139344262295082,0.8991935483870968,0.9065040650406504,0.015765765765765764,0.9417138913106655,1580,248,0.5,0.9938607962801511,0.9728430305360275,0.021499843117319173,0.0742499120095214
50,train,2,1642,5,18,230,0.9878627968337731,0.9787234042553191,0.9274193548387096,0.9523809523809523,0.0030358227079538553,0.9621917660653778,1895,248,0.5,0.9991724934876707,0.9951813117392198,0.010528020733762397,0.0399464241334253
50,train,3,1364,0,33,215,0.9795285359801489,1.0,0.8669354838709677,0.9287257019438445,0.0,0.9334677419354839,1612,248,0.5,0.9968575584145304,0.9871129159712213,0.017106654227968213,0.06448466986024652
50,train,4,1685,5,32,216,0.9809081527347782,0.9773755656108597,0.8709677419354839,0.9211087420042644,0.0029585798816568047,0.9340045810269135,1938,248,0.5,0.998394254628746,0.9893457918261954,0.012630857138569504,0.04048728126033212
50,train,5,1294,5,24,224,0.9812540400775694,0.9781659388646288,0.9032258064516129,0.939203354297694,0.003849114703618168,0.9496883458739973,1547,248,0.5,0.9980723385234299,0.9907129402026125,0.015461096417136059,0.0525820355893379
50,train,6,1276,27,6,242,0.9787234042553191,0.8996282527881041,0.9758064516129032,0.9361702127659575,0.02072141212586339,0.9775425197435199,1551,248,0.5,0.9986817022751466,0.9937510360324509,0.012965994984145099,0.04344367379336535
50,train,7,1049,7,18,230,0.9808282208588958,0.9704641350210971,0.9274193548387096,0.9484536082474226,0.006628787878787879,0.960395283479961,1304,248,0.5,0.9980144183773216,0.9920173343984264,0.015136177672458926,0.05338489007737739
50,train,8,1058,13,22,226,0.9734647460197119,0.9456066945606695,0.9112903225806451,0.9281314168377823,0.012138188608776844,0.9495760669859341,1319,248,0.5,0.9960618656064576,0.9854982252718117,0.019371749692979473,0.06687606827540837
50,train,9,1024,7,11,237,0.9859265050820953,0.9713114754098361,0.9556451612903226,0.9634146341463414,0.006789524733268671,0.974427818278527,1279,248,0.5,0.9987523857200964,0.9951935823301943,0.013187582669309483,0.05294719478751349
50,validation,0,442,0,13,49,0.9742063492063492,1.0,0.7903225806451613,0.8828828828828829,0.0,0.8951612903225806,504,62,0.5,0.9986498321412932,0.9910644511992575,0.016721156371898305,0.0516034854511674
50,validation,1,287,0,10,52,0.9713467048710601,1.0,0.8387096774193549,0.9122807017543859,0.0,0.9193548387096775,349,62,0.5,0.9968528717545241,0.9868182985894577,0.02600958072044671,0.08782574904417627
50,validation,2,452,0,12,50,0.9766536964980544,1.0,0.8064516129032258,0.8928571428571429,0.0,0.9032258064516129,514,62,0.5,0.997680559520411,0.9840754617326086,0.016544314569648368,0.05468044270310221
50,validation,3,689,0,3,59,0.996005326231691,1.0,0.9516129032258065,0.9752066115702479,0.0,0.9758064516129032,751,62,0.5,0.999976590664357,0.9997439836149513,0.00482227125586458,0.019494894069034808
50,validation,4,233,0,23,39,0.9220338983050848,1.0,0.6290322580645161,0.7722772277227723,0.0,0.814516129032258,295,62,0.5,0.982348054824865,0.9435828134388242,0.058458512040389495,0.1826252881667428
50,validation,5,371,0,8,54,0.9815242494226328,1.0,0.8709677419354839,0.9310344827586207,0.0,0.935483870967742,433,62,0.5,0.9950004347448048,0.9766783449083454,0.01960120456921343,0.0848903732298924
50,validation,6,185,9,5,57,0.9453125,0.8636363636363636,0.9193548387096774,0.890625,0.04639175257731959,0.9364815430661789,256,62,0.5,0.9947622214832059,0.9853790976074516,0.025921922825083526,0.0914781585873477
50,validation,7,437,0,3,59,0.9939879759519038,1.0,0.9516129032258065,0.9752066115702479,0.0,0.9758064516129032,499,62,0.5,0.9999630914593637,0.9997439836149513,0.006627559583117164,0.027768200998168617
50,validation,8,358,7,0,62,0.9836065573770492,0.8985507246376812,1.0,0.9465648854961832,0.019178082191780823,0.9904109589041096,427,62,0.5,0.9981440565620857,0.9888505927261827,0.014345574846623714,0.05227346861027138
50,validation,9,230,0,8,54,0.9726027397260274,1.0,0.8709677419354839,0.9310344827586207,0.0,0.935483870967742,292,62,0.5,0.9992987377279102,0.9976446492575524,0.01796265693645052,0.05861471694418864
