split,policy,node,tn,fp,fn,tp,accuracy,precision,recall,f1,fpr,balanced_accuracy,n,positive,threshold,roc_auc,average_precision,brier,log_loss
train,fixed,0,3222,12,6,614,0.9953295277633627,0.9808306709265175,0.9903225806451613,0.985553772070626,0.0037105751391465678,0.9933060027530074,3854,620,0.5,0.9998813014942047,0.9993976905660584,0.003358546326141415,0.012075763493804886
train,fixed,1,3540,16,7,613,0.9944923371647509,0.9745627980922098,0.9887096774193549,0.9815852682145717,0.0044994375703037125,0.9921051199245257,4176,620,0.5,0.9998389818208209,0.9990994288243313,0.0038703084180338764,0.013380540141049719
train,fixed,2,3758,19,7,613,0.9940868774164203,0.9699367088607594,0.9887096774193549,0.9792332268370607,0.005030447445062218,0.9918396149871463,4397,620,0.5,0.9998227813506196,0.9989444069199215,0.004258454756115907,0.01563278625435639
train,fixed,3,3353,15,7,613,0.9944834503510531,0.9761146496815286,0.9887096774193549,0.9823717948717948,0.004453681710213777,0.9921279978545705,3988,620,0.5,0.9998295149796951,0.9991046078544575,0.004026120688980367,0.014235495196954792
train,fixed,4,2495,15,4,616,0.9939297124600639,0.9762282091917591,0.9935483870967742,0.9848121502797762,0.00597609561752988,0.9937861457396222,3130,620,0.5,0.9998149338131347,0.9992432183383261,0.004666203596416186,0.016963058365063757
train,fixed,5,3693,20,5,615,0.9942303254096468,0.968503937007874,0.9919354838709677,0.9800796812749004,0.00538647993536224,0.9932745019678028,4333,620,0.5,0.9998818449562565,0.9993054620326286,0.0037589132220444904,0.012616384421808414
train,fixed,6,3493,14,11,609,0.9939423309910347,0.9775280898876404,0.9822580645161291,0.9798873692679002,0.003992015968063872,0.9891330242740326,4127,620,0.5,0.9997534884148753,0.9985857191093692,0.004398736348475625,0.01620252650025756
train,fixed,7,3003,22,4,616,0.9928669410150892,0.9655172413793104,0.9935483870967742,0.9793322734499205,0.007272727272727273,0.9931378299120235,3645,620,0.5,0.9997637963209811,0.9988608722198704,0.0053887177797624555,0.01860123669126862
train,fixed,8,3182,7,4,616,0.9971121029141506,0.9887640449438202,0.9935483870967742,0.9911504424778761,0.0021950454687989967,0.9956766708139876,3809,620,0.5,0.9999221112898168,0.9996008020837985,0.0030836382540863987,0.011813753933585823
train,fixed,9,2776,9,8,581,0.9949614700652045,0.9847457627118644,0.9864176570458404,0.9855810008481765,0.003231597845601436,0.9915930296001194,3374,589,0.5,0.9998524718583974,0.9993036638692945,0.0038825386230171245,0.014163931493088186
train,val_f1,0,3214,20,4,616,0.9937727036844837,0.9685534591194969,0.9935483870967742,0.9808917197452229,0.006184291898577613,0.9936820475990983,3854,620,0.31,0.9998813014942047,0.9993976905660584,0.003358546326141415,0.012075763493804886
train,val_f1,1,3529,27,3,617,0.992816091954023,0.9580745341614907,0.9951612903225806,0.9762658227848101,0.007592800899887514,0.9937842447113465,4176,620,0.31,0.9998389818208209,0.9990994288243313,0.0038703084180338764,0.013380540141049719
train,val_f1,2,3743,34,3,617,0.9915851717079828,0.9477726574500768,0.9951612903225806,0.970889063729347,0.009001853322742918,0.9930797184999188,4397,620,0.31,0.9998227813506196,0.9989444069199215,0.004258454756115907,0.01563278625435639
train,val_f1,3,3339,29,2,618,0.9922266800401204,0.955177743431221,0.9967741935483871,0.9755327545382794,0.0086104513064133,0.9940818711209869,3988,620,0.31,0.9998295149796951,0.9991046078544575,0.004026120688980367,0.014235495196954792
train,val_f1,4,2484,26,1,619,0.9913738019169329,0.9596899224806201,0.9983870967741936,0.9786561264822135,0.010358565737051793,0.9940142655185709,3130,620,0.31,0.9998149338131347,0.9992432183383261,0.004666203596416186,0.016963058365063757
train,val_f1,5,3681,32,1,619,0.9923840295407339,0.9508448540706606,0.9983870967741936,0.9740361919748229,0.008618367896579585,0.994884364438807,4333,620,0.31,0.9998818449562565,0.9993054620326286,0.0037589132220444904,0.012616384421808414
train,val_f1,6,3477,30,0,620,0.9927307971892416,0.9538461538461539,1.0,0.9763779527559056,0.00855431993156544,0.9957228400342173,4127,620,0.31,0.9997534884148753,0.9985857191093692,0.004398736348475625,0.01620252650025756
train,val_f1,7,2986,39,2,618,0.9887517146776406,0.9406392694063926,0.9967741935483871,0.9678935003915426,0.012892561983471074,0.9919408157824581,3645,620,0.31,0.9997637963209811,0.9988608722198704,0.0053887177797624555,0.01860123669126862
train,val_f1,8,3167,22,1,619,0.9939616697295878,0.9656786271450858,0.9983870967741936,0.9817605075337034,0.006898714330511132,0.9957441912218412,3809,620,0.31,0.9999221112898168,0.9996008020837985,0.0030836382540863987,0.011813753933585823
train,val_f1,9,2764,21,2,587,0.9931831653823355,0.9654605263157895,0.9966044142614601,0.9807852965747702,0.0075403949730700175,0.994532009644195,3374,589,0.31,0.9998524718583974,0.9993036638692945,0.0038825386230171245,0.014163931493088186
train,val_fpr02,0,3234,0,82,538,0.9787234042553191,1.0,0.867741935483871,0.9291882556131261,0.0,0.9338709677419355,3854,620,0.99,0.9998813014942047,0.9993976905660584,0.003358546326141415,0.012075763493804886
train,val_fpr02,1,3556,0,100,520,0.9760536398467433,1.0,0.8387096774193549,0.9122807017543859,0.0,0.9193548387096775,4176,620,0.99,0.9998389818208209,0.9990994288243313,0.0038703084180338764,0.013380540141049719
train,val_fpr02,2,3777,0,75,545,0.9829429156242893,1.0,0.8790322580645161,0.9356223175965666,0.0,0.939516129032258,4397,620,0.99,0.9998227813506196,0.9989444069199215,0.004258454756115907,0.01563278625435639
train,val_fpr02,3,3368,0,92,528,0.9769307923771314,1.0,0.8516129032258064,0.9198606271777003,0.0,0.9258064516129032,3988,620,0.99,0.9998295149796951,0.9991046078544575,0.004026120688980367,0.014235495196954792
train,val_fpr02,4,2510,0,83,537,0.973482428115016,1.0,0.8661290322580645,0.9282627484874676,0.0,0.9330645161290323,3130,620,0.99,0.9998149338131347,0.9992432183383261,0.004666203596416186,0.016963058365063757
train,val_fpr02,5,3713,0,78,542,0.9819986152780983,1.0,0.8741935483870967,0.9328743545611016,0.0,0.9370967741935483,4333,620,0.99,0.9998818449562565,0.9993054620326286,0.0037589132220444904,0.012616384421808414
train,val_fpr02,6,3507,0,100,520,0.9757693239641386,1.0,0.8387096774193549,0.9122807017543859,0.0,0.9193548387096775,4127,620,0.99,0.9997534884148753,0.9985857191093692,0.004398736348475625,0.01620252650025756
train,val_fpr02,7,3025,0,78,542,0.9786008230452675,1.0,0.8741935483870967,0.9328743545611016,0.0,0.9370967741935483,3645,620,0.99,0.9997637963209811,0.9988608722198704,0.0053887177797624555,0.01860123669126862
train,val_fpr02,8,3189,0,87,533,0.9771593594119191,1.0,0.8596774193548387,0.9245446660884649,0.0,0.9298387096774193,3809,620,0.99,0.9999221112898168,0.9996008020837985,0.0030836382540863987,0.011813753933585823
train,val_fpr02,9,2785,0,103,486,0.9694724362774155,1.0,0.8251273344651953,0.9041860465116279,0.0,0.9125636672325976,3374,589,0.99,0.9998524718583974,0.9993036638692945,0.0038825386230171245,0.014163931493088186
validation,fixed,0,972,69,29,126,0.9180602006688964,0.6461538461538462,0.8129032258064516,0.72,0.06628242074927954,0.873310402528586,1196,155,0.5,0.9592265501533884,0.7540934732156668,0.07483822251520947,0.44101074082130837
validation,fixed,1,904,35,22,133,0.9478976234003657,0.7916666666666666,0.8580645161290322,0.8235294117647058,0.03727369542066028,0.910395410354186,1094,155,0.5,0.9732453880243224,0.9073721120991194,0.0466653591499204,0.23207537235984393
validation,fixed,2,615,56,37,118,0.887409200968523,0.6781609195402298,0.7612903225806451,0.7173252279635258,0.08345752608047691,0.8389163982500841,826,155,0.5,0.9474929089947599,0.7222102988738943,0.08362024177979054,0.3872821865355591
validation,fixed,3,534,57,28,127,0.886058981233244,0.6902173913043478,0.8193548387096774,0.7492625368731564,0.09644670050761421,0.8614540691010316,746,155,0.5,0.9557447737568909,0.8576284245187114,0.09255459672750907,0.40209615690689904
validation,fixed,4,921,54,31,124,0.9247787610619469,0.6966292134831461,0.8,0.7447447447447447,0.055384615384615386,0.8723076923076923,1130,155,0.5,0.9647344913151366,0.7765094225382408,0.06179164440647137,0.3595241521881647
validation,fixed,5,977,44,39,116,0.9294217687074829,0.725,0.7483870967741936,0.7365079365079366,0.043095004897159644,0.852646045938517,1176,155,0.5,0.9590660642633724,0.6459581070469808,0.06262170386374523,0.4007851274663034
validation,fixed,6,868,38,36,119,0.9302544769085768,0.7579617834394905,0.7677419354838709,0.7628205128205128,0.04194260485651214,0.8628996653136793,1061,155,0.5,0.9403261411379336,0.8409556159373227,0.05566277201282727,0.31134865589275573
validation,fixed,7,719,30,32,123,0.9314159292035398,0.803921568627451,0.7935483870967742,0.7987012987012987,0.04005340453938585,0.8767474912786941,904,155,0.5,0.9597054136698393,0.8780124619741086,0.06117305861102075,0.33512395059701855
validation,fixed,8,787,15,47,108,0.93521421107628,0.8780487804878049,0.6967741935483871,0.7769784172661871,0.018703241895261846,0.8390354758265626,957,155,0.5,0.9440592068216554,0.8515170125900232,0.057624089712570575,0.3489234708149758
validation,fixed,9,952,18,9,146,0.976,0.8902439024390244,0.9419354838709677,0.9153605015673981,0.018556701030927835,0.96168939142002,1125,155,0.5,0.9976987030262721,0.9866648229115659,0.01596215840149797,0.05074428623625473
validation,val_f1,0,967,74,27,128,0.9155518394648829,0.6336633663366337,0.8258064516129032,0.7170868347338936,0.07108549471661864,0.8773604784481424,1196,155,0.31,0.9592265501533884,0.7540934732156668,0.07483822251520947,0.44101074082130837
validation,val_f1,1,898,41,20,135,0.9442413162705667,0.7670454545454546,0.8709677419354839,0.8157099697885196,0.043663471778487756,0.9136521350784981,1094,155,0.31,0.9732453880243224,0.9073721120991194,0.0466653591499204,0.23207537235984393
validation,val_f1,2,603,68,24,131,0.8886198547215496,0.6582914572864321,0.8451612903225807,0.7401129943502824,0.10134128166915052,0.8719100043267151,826,155,0.31,0.9474929089947599,0.7222102988738943,0.08362024177979054,0.3872821865355591
validation,val_f1,3,530,61,18,137,0.8941018766756033,0.6919191919191919,0.8838709677419355,0.7762039660056658,0.10321489001692047,0.8903280388625074,746,155,0.31,0.9557447737568909,0.8576284245187114,0.09255459672750907,0.40209615690689904
validation,val_f1,4,913,62,24,131,0.9238938053097345,0.6787564766839378,0.8451612903225807,0.7528735632183908,0.06358974358974359,0.8907857733664186,1130,155,0.31,0.9647344913151366,0.7765094225382408,0.06179164440647137,0.3595241521881647
validation,val_f1,5,969,52,33,122,0.9277210884353742,0.7011494252873564,0.7870967741935484,0.7416413373860182,0.050930460333006855,0.8680831569302707,1176,155,0.31,0.9590660642633724,0.6459581070469808,0.06262170386374523,0.4007851274663034
validation,val_f1,6,858,48,33,122,0.9236569274269557,0.7176470588235294,0.7870967741935484,0.7507692307692307,0.052980132450331126,0.8670583208716086,1061,155,0.31,0.9403261411379336,0.8409556159373227,0.05566277201282727,0.31134865589275573
validation,val_f1,7,717,32,27,128,0.9347345132743363,0.8,0.8258064516129032,0.8126984126984127,0.042723631508678236,0.8915414100521125,904,155,0.31,0.9597054136698393,0.8780124619741086,0.06117305861102075,0.33512395059701855
validation,val_f1,8,778,24,43,112,0.9299895506792059,0.8235294117647058,0.7225806451612903,0.7697594501718213,0.029925187032418952,0.8463277290644357,957,155,0.31,0.9440592068216554,0.8515170125900232,0.057624089712570575,0.3489234708149758
validation,val_f1,9,948,22,4,151,0.9768888888888889,0.8728323699421965,0.9741935483870968,0.9207317073170732,0.02268041237113402,0.9757565680079814,1125,155,0.31,0.9976987030262721,0.9866648229115659,0.01596215840149797,0.05074428623625473
validation,val_fpr02,0,1000,41,47,108,0.9264214046822743,0.7248322147651006,0.6967741935483871,0.7105263157894737,0.0393852065321806,0.8286944935081033,1196,155,0.99,0.9592265501533884,0.7540934732156668,0.07483822251520947,0.44101074082130837
validation,val_fpr02,1,927,12,45,110,0.9478976234003657,0.9016393442622951,0.7096774193548387,0.7942238267148014,0.012779552715654952,0.8484489333195919,1094,155,0.99,0.9732453880243224,0.9073721120991194,0.0466653591499204,0.23207537235984393
validation,val_fpr02,2,655,16,81,74,0.8825665859564165,0.8222222222222222,0.4774193548387097,0.6040816326530613,0.02384500745156483,0.7267871736935725,826,155,0.99,0.9474929089947599,0.7222102988738943,0.08362024177979054,0.3872821865355591
validation,val_fpr02,3,569,22,66,89,0.8820375335120644,0.8018018018018018,0.5741935483870968,0.6691729323308271,0.03722504230118443,0.7684842530429562,746,155,0.99,0.9557447737568909,0.8576284245187114,0.09255459672750907,0.40209615690689904
validation,val_fpr02,4,949,26,57,98,0.9265486725663716,0.7903225806451613,0.632258064516129,0.7025089605734767,0.02666666666666667,0.8027956989247311,1130,155,0.99,0.9647344913151366,0.7765094225382408,0.06179164440647137,0.3595241521881647
validation,val_fpr02,5,990,31,77,78,0.9081632653061225,0.7155963302752294,0.5032258064516129,0.5909090909090909,0.030362389813907934,0.7364317083188525,1176,155,0.99,0.9590660642633724,0.6459581070469808,0.06262170386374523,0.4007851274663034
validation,val_fpr02,6,897,9,59,96,0.9359095193213949,0.9142857142857143,0.6193548387096774,0.7384615384615385,0.009933774834437087,0.8047105319376202,1061,155,0.99,0.9403261411379336,0.8409556159373227,0.05566277201282727,0.31134865589275573
validation,val_fpr02,7,740,9,50,105,0.9347345132743363,0.9210526315789473,0.6774193548387096,0.7806691449814126,0.012016021361815754,0.8327016667384469,904,155,0.99,0.9597054136698393,0.8780124619741086,0.06117305861102075,0.33512395059701855
validation,val_fpr02,8,799,3,66,89,0.9278996865203761,0.967391304347826,0.5741935483870968,0.7206477732793523,0.003740648379052369,0.7852264500040222,957,155,0.99,0.9440592068216554,0.8515170125900232,0.057624089712570575,0.3489234708149758
validation,val_fpr02,9,969,1,32,123,0.9706666666666667,0.9919354838709677,0.7935483870967742,0.8817204301075269,0.0010309278350515464,0.8962587296308613,1125,155,0.99,0.9976987030262721,0.9866648229115659,0.01596215840149797,0.05074428623625473
test_all,fixed,0,3309,5,35,27,0.9881516587677726,0.84375,0.43548387096774194,0.574468085106383,0.0015087507543753772,0.7169875601066833,3376,62,0.5,0.9516567056670625,0.6620639470618425,0.010321441472265398,0.06475699989070001
test_all,fixed,1,2476,26,29,61,0.9787808641975309,0.7011494252873564,0.6777777777777778,0.6892655367231638,0.010391686650679457,0.8336930455635492,2592,90,0.5,0.9914024336086686,0.7875299665351267,0.016962821043253164,0.057887856558561296
test_all,fixed,2,2633,126,8,55,0.9525159461374911,0.30386740331491713,0.873015873015873,0.45081967213114754,0.04566872055092425,0.9136735762324744,2822,63,0.5,0.9824413032096976,0.6312655885195502,0.04031761976686819,0.19035737617205334
test_all,fixed,3,3331,33,46,82,0.9773768613974799,0.7130434782608696,0.640625,0.6748971193415638,0.009809750297265161,0.8154076248513674,3492,128,0.5,0.9855640606420928,0.7733442403530951,0.018827059521302054,0.07949498047751596
test_all,fixed,4,2444,19,18,28,0.9852530888800319,0.5957446808510638,0.6086956521739131,0.6021505376344086,0.007714169711733658,0.8004907412310898,2509,46,0.5,0.9747127045490653,0.5734496359217031,0.013389227734098284,0.07054494929268297
test_all,fixed,5,3437,43,25,51,0.9808773903262092,0.5425531914893617,0.6710526315789473,0.6,0.01235632183908046,0.8293481548699335,3556,76,0.5,0.9820288868723532,0.49106362816014903,0.015479320640464407,0.07961084225157022
test_all,fixed,6,3326,5,13,22,0.9946524064171123,0.8148148148148148,0.6285714285714286,0.7096774193548387,0.0015010507355148605,0.8135351889179568,3366,35,0.5,0.9943217395033667,0.7620864407914992,0.0047850377578529035,0.019055011284724744
test_all,fixed,7,1909,37,69,70,0.9491606714628298,0.6542056074766355,0.5035971223021583,0.5691056910569106,0.019013360739979446,0.7422918807810894,2085,139,0.5,0.9665537867753075,0.6794622953495506,0.04415934038929681,0.20164898630508596
test_all,fixed,8,2623,52,58,38,0.9603031396607723,0.4222222222222222,0.3958333333333333,0.40860215053763443,0.0194392523364486,0.6881970404984423,2771,96,0.5,0.8750233644859814,0.2994497718709175,0.0354306710768832,0.22876011424837803
test_all,fixed,9,2652,66,40,89,0.9627678257815244,0.5741935483870968,0.689922480620155,0.6267605633802817,0.024282560706401765,0.8328199599568766,2847,129,0.5,0.9765645053647518,0.6059959499205737,0.032361820577209675,0.16140655288744435
test_all,val_f1,0,3307,7,30,32,0.9890402843601895,0.8205128205128205,0.5161290322580645,0.6336633663366337,0.002112251056125528,0.7570083906009695,3376,62,0.31,0.9516567056670625,0.6620639470618425,0.010321441472265398,0.06475699989070001
test_all,val_f1,1,2465,37,22,68,0.9772376543209876,0.6476190476190476,0.7555555555555555,0.6974358974358974,0.014788169464428458,0.8703836930455635,2592,90,0.31,0.9914024336086686,0.7875299665351267,0.016962821043253164,0.057887856558561296
test_all,val_f1,2,2613,146,6,57,0.9461374911410347,0.28078817733990147,0.9047619047619048,0.42857142857142855,0.052917723812975714,0.9259220904744645,2822,63,0.31,0.9824413032096976,0.6312655885195502,0.04031761976686819,0.19035737617205334
test_all,val_f1,3,3318,46,43,85,0.9745131729667812,0.648854961832061,0.6640625,0.6563706563706564,0.013674197384066587,0.8251941513079667,3492,128,0.31,0.9855640606420928,0.7733442403530951,0.018827059521302054,0.07949498047751596
test_all,val_f1,4,2440,23,17,29,0.9840573933838183,0.5576923076923077,0.6304347826086957,0.5918367346938775,0.00933820544051969,0.810548288584088,2509,46,0.31,0.9747127045490653,0.5734496359217031,0.013389227734098284,0.07054494929268297
test_all,val_f1,5,3428,52,21,55,0.9794713160854893,0.514018691588785,0.7236842105263158,0.6010928961748634,0.014942528735632184,0.8543708408953419,3556,76,0.31,0.9820288868723532,0.49106362816014903,0.015479320640464407,0.07961084225157022
test_all,val_f1,6,3323,8,13,22,0.9937611408199644,0.7333333333333333,0.6285714285714286,0.676923076923077,0.0024016811768237767,0.8130848736973024,3366,35,0.31,0.9943217395033667,0.7620864407914992,0.0047850377578529035,0.019055011284724744
test_all,val_f1,7,1904,42,65,74,0.9486810551558753,0.6379310344827587,0.5323741007194245,0.5803921568627451,0.02158273381294964,0.7553956834532374,2085,139,0.31,0.9665537867753075,0.6794622953495506,0.04415934038929681,0.20164898630508596
test_all,val_f1,8,2617,58,52,44,0.9603031396607723,0.43137254901960786,0.4583333333333333,0.4444444444444444,0.021682242990654205,0.7183255451713395,2771,96,0.31,0.8750233644859814,0.2994497718709175,0.0354306710768832,0.22876011424837803
test_all,val_f1,9,2639,79,34,95,0.9603090972953987,0.5459770114942529,0.7364341085271318,0.6270627062706271,0.029065489330389993,0.8536843095983708,2847,129,0.31,0.9765645053647518,0.6059959499205737,0.032361820577209675,0.16140655288744435
test_all,val_fpr02,0,3312,2,48,14,0.9851895734597157,0.875,0.22580645161290322,0.358974358974359,0.0006035003017501509,0.6126014756555765,3376,62,0.99,0.9516567056670625,0.6620639470618425,0.010321441472265398,0.06475699989070001
test_all,val_fpr02,1,2499,3,59,31,0.9760802469135802,0.9117647058823529,0.34444444444444444,0.5,0.001199040767386091,0.6716227018385292,2592,90,0.99,0.9914024336086686,0.7875299665351267,0.016962821043253164,0.057887856558561296
test_all,val_fpr02,2,2709,50,22,41,0.9744861800141743,0.45054945054945056,0.6507936507936508,0.5324675324675324,0.01812250815512867,0.816335571319261,2822,63,0.99,0.9824413032096976,0.6312655885195502,0.04031761976686819,0.19035737617205334
test_all,val_fpr02,3,3355,9,72,56,0.9768041237113402,0.8615384615384616,0.4375,0.5803108808290155,0.00267538644470868,0.7174123067776457,3492,128,0.99,0.9855640606420928,0.7733442403530951,0.018827059521302054,0.07949498047751596
test_all,val_fpr02,4,2458,5,32,14,0.9852530888800319,0.7368421052631579,0.30434782608695654,0.4307692307692308,0.0020300446609825416,0.651158890712987,2509,46,0.99,0.9747127045490653,0.5734496359217031,0.013389227734098284,0.07054494929268297
test_all,val_fpr02,5,3464,16,55,21,0.9800337457817773,0.5675675675675675,0.27631578947368424,0.37168141592920356,0.004597701149425287,0.6358590441621295,3556,76,0.99,0.9820288868723532,0.49106362816014903,0.015479320640464407,0.07961084225157022
test_all,val_fpr02,6,3331,0,24,11,0.9928698752228164,1.0,0.3142857142857143,0.4782608695652174,0.0,0.6571428571428571,3366,35,0.99,0.9943217395033667,0.7620864407914992,0.0047850377578529035,0.019055011284724744
test_all,val_fpr02,7,1942,4,100,39,0.9501199040767386,0.9069767441860465,0.2805755395683453,0.42857142857142855,0.0020554984583761563,0.6392600205549845,2085,139,0.99,0.9665537867753075,0.6794622953495506,0.04415934038929681,0.20164898630508596
test_all,val_fpr02,8,2656,19,86,10,0.9621075424034644,0.3448275862068966,0.10416666666666667,0.16,0.007102803738317757,0.5485319314641744,2771,96,0.99,0.8750233644859814,0.2994497718709175,0.0354306710768832,0.22876011424837803
test_all,val_fpr02,9,2692,26,67,62,0.9673340358271865,0.7045454545454546,0.4806201550387597,0.5714285714285714,0.009565857247976454,0.7355271488953916,2847,129,0.99,0.9765645053647518,0.6059959499205737,0.032361820577209675,0.16140655288744435
test_terminal,fixed,0,19,0,0,4,1.0,1.0,1.0,1.0,0.0,1.0,23,4,0.5,1.0,1.0,0.0036558564687154344,0.01973569444551747
test_terminal,fixed,1,18,0,1,4,0.9565217391304348,1.0,0.8,0.8888888888888888,0.0,0.9,23,5,0.5,0.9888888888888888,0.9666666666666666,0.03811460795429954,0.12298482033567142
test_terminal,fixed,2,17,2,0,4,0.9130434782608695,0.6666666666666666,1.0,0.8,0.10526315789473684,0.9473684210526316,23,4,0.5,0.986842105263158,0.95,0.0840129697225091,0.45475440178387
test_terminal,fixed,3,15,1,0,7,0.9565217391304348,0.875,1.0,0.9333333333333333,0.0625,0.96875,23,7,0.5,1.0,0.9999999999999998,0.015986203542401965,0.05220091731802586
test_terminal,fixed,4,18,2,1,2,0.8695652173913043,0.5,0.6666666666666666,0.5714285714285714,0.1,0.7833333333333333,23,3,0.5,0.9333333333333333,0.7222222222222222,0.11581943715632316,0.5547764013984985
test_terminal,fixed,5,18,0,0,5,1.0,1.0,1.0,1.0,0.0,1.0,23,5,0.5,1.0,1.0,0.008803894385290995,0.03568589730879745
test_terminal,fixed,6,21,0,0,2,1.0,1.0,1.0,1.0,0.0,1.0,23,2,0.5,1.0,1.0,0.0050913944936774955,0.025547774992592195
test_terminal,fixed,7,15,0,1,7,0.9565217391304348,1.0,0.875,0.9333333333333333,0.0,0.9375,23,8,0.5,1.0,1.0,0.04537140136282623,0.2085514824269257
test_terminal,fixed,8,14,0,4,4,0.8181818181818182,1.0,0.5,0.6666666666666666,0.0,0.75,22,8,0.5,0.9732142857142858,0.959375,0.13112060336231757,0.5216577522318016
test_terminal,fixed,9,14,1,1,6,0.9090909090909091,0.8571428571428571,0.8571428571428571,0.8571428571428571,0.06666666666666667,0.8952380952380952,22,7,0.5,0.980952380952381,0.9682539682539681,0.0727931773249792,0.23800139858773292
test_terminal,val_f1,0,19,0,0,4,1.0,1.0,1.0,1.0,0.0,1.0,23,4,0.31,1.0,1.0,0.0036558564687154344,0.01973569444551747
test_terminal,val_f1,1,18,0,1,4,0.9565217391304348,1.0,0.8,0.8888888888888888,0.0,0.9,23,5,0.31,0.9888888888888888,0.9666666666666666,0.03811460795429954,0.12298482033567142
test_terminal,val_f1,2,17,2,0,4,0.9130434782608695,0.6666666666666666,1.0,0.8,0.10526315789473684,0.9473684210526316,23,4,0.31,0.986842105263158,0.95,0.0840129697225091,0.45475440178387
test_terminal,val_f1,3,15,1,0,7,0.9565217391304348,0.875,1.0,0.9333333333333333,0.0625,0.96875,23,7,0.31,1.0,0.9999999999999998,0.015986203542401965,0.05220091731802586
test_terminal,val_f1,4,18,2,1,2,0.8695652173913043,0.5,0.6666666666666666,0.5714285714285714,0.1,0.7833333333333333,23,3,0.31,0.9333333333333333,0.7222222222222222,0.11581943715632316,0.5547764013984985
test_terminal,val_f1,5,17,1,0,5,0.9565217391304348,0.8333333333333334,1.0,0.9090909090909091,0.05555555555555555,0.9722222222222222,23,5,0.31,1.0,1.0,0.008803894385290995,0.03568589730879745
test_terminal,val_f1,6,21,0,0,2,1.0,1.0,1.0,1.0,0.0,1.0,23,2,0.31,1.0,1.0,0.0050913944936774955,0.025547774992592195
test_terminal,val_f1,7,15,0,1,7,0.9565217391304348,1.0,0.875,0.9333333333333333,0.0,0.9375,23,8,0.31,1.0,1.0,0.04537140136282623,0.2085514824269257
test_terminal,val_f1,8,14,0,2,6,0.9090909090909091,1.0,0.75,0.8571428571428571,0.0,0.875,22,8,0.31,0.9732142857142858,0.959375,0.13112060336231757,0.5216577522318016
test_terminal,val_f1,9,14,1,1,6,0.9090909090909091,0.8571428571428571,0.8571428571428571,0.8571428571428571,0.06666666666666667,0.8952380952380952,22,7,0.31,0.980952380952381,0.9682539682539681,0.0727931773249792,0.23800139858773292
test_terminal,val_fpr02,0,19,0,1,3,0.9565217391304348,1.0,0.75,0.8571428571428571,0.0,0.875,23,4,0.99,1.0,1.0,0.0036558564687154344,0.01973569444551747
test_terminal,val_fpr02,1,18,0,2,3,0.9130434782608695,1.0,0.6,0.75,0.0,0.8,23,5,0.99,0.9888888888888888,0.9666666666666666,0.03811460795429954,0.12298482033567142
test_terminal,val_fpr02,2,18,1,0,4,0.9565217391304348,0.8,1.0,0.8888888888888888,0.05263157894736842,0.9736842105263157,23,4,0.99,0.986842105263158,0.95,0.0840129697225091,0.45475440178387
test_terminal,val_fpr02,3,16,0,4,3,0.8260869565217391,1.0,0.42857142857142855,0.6,0.0,0.7142857142857143,23,7,0.99,1.0,0.9999999999999998,0.015986203542401965,0.05220091731802586
test_terminal,val_fpr02,4,19,1,2,1,0.8695652173913043,0.5,0.3333333333333333,0.4,0.05,0.6416666666666666,23,3,0.99,0.9333333333333333,0.7222222222222222,0.11581943715632316,0.5547764013984985
test_terminal,val_fpr02,5,18,0,1,4,0.9565217391304348,1.0,0.8,0.8888888888888888,0.0,0.9,23,5,0.99,1.0,1.0,0.008803894385290995,0.03568589730879745
test_terminal,val_fpr02,6,21,0,0,2,1.0,1.0,1.0,1.0,0.0,1.0,23,2,0.99,1.0,1.0,0.0050913944936774955,0.025547774992592195
test_terminal,val_fpr02,7,15,0,4,4,0.8260869565217391,1.0,0.5,0.6666666666666666,0.0,0.75,23,8,0.99,1.0,1.0,0.04537140136282623,0.2085514824269257
test_terminal,val_fpr02,8,14,0,5,3,0.7727272727272727,1.0,0.375,0.5454545454545454,0.0,0.6875,22,8,0.99,0.9732142857142858,0.959375,0.13112060336231757,0.5216577522318016
test_terminal,val_fpr02,9,15,0,2,5,0.9090909090909091,1.0,0.7142857142857143,0.8333333333333334,0.0,0.8571428571428572,22,7,0.99,0.980952380952381,0.9682539682539681,0.0727931773249792,0.23800139858773292
